{
  "recipes": [
    {
      "title": "A Christmas Prince The Royal Baby (2019)",
      "image" : "https://upload.wikimedia.org/wikipedia/en/thumb/3/32/Cover_of_A_Christmas_Prince_The_Royal_Baby.jpg/220px-Cover_of_A_Christmas_Prince_The_Royal_Baby.jpg",
      "url": "http://www.seriouseats.com/recipes/2011/06/stir-fried-rice-with-chinese-sausage-recipe.html",
      "description": "เมื่อนักข่าวสาวแอมเบอร์ได้ปลอมตัวเข้าไปเป็นครูสอนพิเศษของเจ้าหญิงเอมิลี่ เพื่อที่เธอจะได้เข้าไปทำข่าวเกี่ยวกับเจ้าชายริชาร์ด แต่แล้วเธอก็ไปพบความจริงบางอย่างของเจ้าชายเข้า ทำให้เธอต้องเลือกว่าจะทำอย่างไรกับความจริงที่ได้มา",
      "servings": 4,
      "dietLabel": "Low-Carb",
      "ingredientLines" : [ "4 baby chickens (poussins) or cornish hens (about 1 1/4 pounds each), or 4 chicken breast halves", "3 lemons, plus wedges for garnish", "4 cloves garlic, peeled and smashed", "1 tablespoon crushed red-pepper flakes, or to taste", "1 tablespoon finely chopped fresh thyme", "1 tablespoon finely chopped fresh rosemary", "1/2 cup olive oil", "Salt, to taste" ]
    },

    {
      "title": "What Men Want (2019) [Sub TH]",
      "image" : "https://www.movie356hd.com/wp-content/uploads/2019/12/2-5.jpg",
      "url": "http://www.seriouseats.com/recipes/2011/06/stir-fried-rice-with-chinese-sausage-recipe.html",
      "description": "\nว่าด้วยเรื่องราวของสาวเก่งสุดสตรองที่ทำงานในวงการกีฬาได้ดีไม่แพ้ผู้ชาย แต่ไม่ได้รับความเท่าเทียมเท่าเพื่อนร่วมงานที่เป็นผู้ชาย จนวันหนึ่งเกิดปาฏิหาริย์ทำให้เธอได้ยินความคิดของผู้ชาย จึงทำให้เธอหาวิธีเอาชนะเพื่อนร่วมงานให้ได้",
      "servings": 4,
      "dietLabel": "Balanced",
      "ingredientLines" : [ "2 or 3 links of chineses sausage, cut into 1/4 inch slices", "4 cloves garlic, minced", "4 cups cold cooked rice", "2 tablespoons light soy sauce", "1/2 teaspoon salt", "1/4 teaspoon sugar", "1/4 teaspoon white pepper", "To garnish:", "Finely chopped green onion or cilantro" ]
    },

    {
      "title": "Ad Astra (2019) [Sub TH]",
      "image" : "https://ufa365movie.com/wp-content/uploads/2019/12/5-2.jpg",
      "url": "http://www.epicurious.com/recipes/food/views/Five-Spice-Chicken-Wings-109520",
      "description": " เรื่องราวของนักบินอวกาศ รอย แม็คไบรด์ ต้องรับหน้าที่ทำภารกิจสำคัญที่สุดในชีวิต นั่นก็คือการเดินทางข้ามระบบสุริยจักรวาล เพื่อตามหาพ่อผู้เป็นที่รักที่หายตัวไปอย่างลึกลับ ซึ่งสาเหตุนั้นอาจข้องเกี่ยวกับปริศนาที่ยังหาคำตอบไม่ได้ และเป็นความลับที่คุกคามการดำรงชีวิตอยู่ของมนุษยชาติบนโลกของเรา",
      "servings": 4,
      "dietLabel": "Low-Carb",
      "ingredientLines" : [ "40 chicken wing pieces, or 20 whole chicken wings", "2 tablespoons chinese five-spice powder", "1 tablespoon cayenne pepper", "Kosher salt and freshly ground black pepper", "1/3 to 1/2 cup chopped fresh cilantro leaves", "1/4 cup light or regular sour cream", "1/4 cup mayonnaise", "1/4 cup plain yogurt", "Juice 1/2 lemon (or why not try lime?)" ]
    },

    {
      "title": "Jarhead Law of Return 4 (2019)",
      "image" : "https://ufa365movie.com/wp-content/uploads/2019/12/2-3.jpg",
      "url": "http://www.seriouseats.com/recipes/2009/07/grilling-chinese-style-spare-ribs-recipe.html",
      "description": "พันตรีโรนันแจ็คสัน (Devon Sawa) นักบินรบที่ประสบความสำเร็จสำหรับกองกำลังป้องกันประเทศอิสราเอลและบุตรชายของวุฒิสมาชิกสหรัฐ (โรเบิร์ตแพทริค) ถูกยิงขณะบินผ่านน่านฟ้าของซีเรีย \n\nหลังจากรอดชีวิตจากการชนได้อย่างน่าอัศจรรย์แจ็คสันถูกจับโดยกลุ่มฮิซบุลเลาะห์ เรื่องราวที่น่าตื่นเต้นและทรงพลังที่เต็มไปด้วยแอ็คชั่นที่ยากลำบาก Jarhead: กฎแห่งการกลับมาดังต่อไปนี้กลุ่มทหารชั้นยอดนำโดยจ่าฝูง Gunnery Dave Torres (Amaury Nolasco) ในขณะที่พวกเขาเสี่ยงชีวิตของพวกเขา ไม่เคยพบกัน",
      "servings": 4,
      "dietLabel": "Medium-Carb",
      "ingredientLines" : [ "1.0 tbsp clear honey", "1.0 tbsp vinegar (you can use cider, malt or wine)", "100.0ml hoisin sauce", "2.0 tbsp soy sauce", "12 meaty pork ribs", "1.0 tsp chinese five-spice powder" ]
    },

    {
      "title": "21 Bridges (2019)",
      "image" : "https://ufa365movie.com/wp-content/uploads/2019/12/2-2.jpg",
      "url": "http://www.seriouseats.com/recipes/2010/11/seriously-asian-korean-rice-cakes-dok-boki.html",
      "description": "\nผลงานจาก แอนโทนี่ และ โจ รุสโซ่ ผู้สร้างผลงานอย่าง Avengers: Infinity War และ Avengers: Endgame กลับมาสู่จอภาพยนตร์อีกครั้งกับภาพยนตร์เรื่อง 21 Bridges ที่ได้นักแสดงอย่าง แชดวิก โบสแมน ที่เคยรับบท แบล็คแพนเธอร์ มารับบทตำรวจนิวยอร์คหนุ่มไฟแรง \"อังเดร เดวิส\" ที่ต้องตามล่าคนร้าย 2 คนในคดีอุกฉกรรจ์ อังเดร มีเวลา 12 ชั่วโมง เพื่อตามล่า เขาสั่งปิดเกาะแมนฮัตตันทั้งเกาะ ซึ่งรวมไปถึงสะพาน 21 จุด แม่น้ำ 3 สาย อุโมงค์ 4 จุด และหยุดขบวนรถทุกประเภทไม่ให้เข้าออกจากเกาะ ทั้งหมดนี้เพื่อไม่ให้ผู้ร้ายมีทางหลบหนี พร้อมส่งนายตำรวจมือดีเข้าไปปฏิบัติการไล่ล่าความเดือดระอุในครั้งนี้",
      "servings": 4,
      "dietLabel": "Low-Fat",
      "ingredientLines" : [ "6 to 8 fresh long rice cake sticks, or 20 smaller rice cake sticks", "For the sauce:", "3 tablespoons korean chili pepper paste", "3 to 4 tablespoons light soy sauce, depending on saltiness", "1 teaspoon sugar", "1 teaspoon rice vinegar", "Roasted sesame seeds to garnish" ]

    },

    {
      "title": "Charlie s Angel 2019",
      "image" : "https://ufa365movie.com/wp-content/uploads/2019/12/3-2.jpg",
      "url": "http://www.epicurious.com/recipes/member/views/DUMP-CAKE-50059991",
      "description": "\n หลังจากทิ้งช่วงภารกิจสุดท้ายของแก๊ง ‘นางฟ้าชาร์ลี’ รุ่นพี่ใน Charlie’s Angels: Full Throttle (2003) นานถึง 16 ปี ก็ถึงเวลาที่ ‘นางฟ้า’ รุ่นใหม่จะกลับมา ภาพยนตร์นำแสดงโดย คริสเตน สจ๊วต กลับมารับบทนำอีกครั้งหลังจบแฟรนไชส์ Twilight, นาโอมิ สกอตต์ นักแสดงดาวรุ่งจาก Aladdin (2019) และ เอลลา บาลินสกา ที่เพิ่งแจ้งเกิดจากซีรีส์ The Athena มารับไม้สานต่อภารกิจลับสุดฮา แอ็กชันกระจายเวอร์ชันรีบูท ที่จะกลับไปใช้ชื่อออริจินัล Charlie’s Angels แบบเมื่อปี 2000 อีกครั้ง ",
      "servings": 12,
      "dietLabel": "Vegetarian",
      "ingredientLines" : [ "1 can (21 oz.) cherry pie filling", "1 can (15 oz.) crushed pineapple", "1 box (about 18 oz.) yellow or white cake mix", "1 stick margarine", "½ sticks butter", "Whipped cream" ]
    }





  ]
}